numero,nombre,apellido,email,genero,cedula
1,Charla,Sellan,csellan0@loc.gov,Female,216.88.102.131
2,Rodrigo,Montford,rmontford1@jimdo.com,Male,64.123.181.117
3,Benton,Menear,bmenear2@usa.gov,Male,9.141.73.4
4,Melessa,Secretan,msecretan3@usatoday.com,Female,72.228.145.222
5,Zola,Lafaye,zlafaye4@ucsd.edu,Genderqueer,135.233.207.211
6,Mirabelle,Paolotto,mpaolotto5@google.cn,Female,252.241.90.3
7,Haily,Duplock,hduplock6@sciencedirect.com,Female,36.147.179.17
8,Bethina,Fenne,bfenne7@yellowbook.com,Female,122.94.111.112
9,Quintina,Brimblecomb,qbrimblecomb8@desdev.cn,Female,16.11.255.188
10,Prentice,Probart,pprobart9@printfriendly.com,Male,92.211.102.16
11,Izaak,Eydel,ieydela@prweb.com,Male,107.109.26.161
12,Maurits,Belsey,mbelseyb@bravesites.com,Male,19.72.121.14
13,Karry,McCurtain,kmccurtainc@hp.com,Female,172.35.99.171
14,Joete,McCarthy,jmccarthyd@dropbox.com,Female,170.60.191.228
15,Kimbell,Cowe,kcowee@vkontakte.ru,Male,118.84.250.3
16,Tilda,Ducker,tduckerf@sohu.com,Female,3.4.173.105
17,Vinnie,Domaschke,vdomaschkeg@bigcartel.com,Male,194.213.32.46
18,Marcelia,Timlin,mtimlinh@theguardian.com,Female,108.202.0.99
19,Eunice,Stockhill,estockhilli@guardian.co.uk,Female,120.5.213.72
20,Giulio,Maywood,gmaywoodj@angelfire.com,Male,51.230.237.112
21,Vladimir,Connah,vconnahk@businessweek.com,Male,87.98.61.4
22,Jordan,Mathey,jmatheyl@dell.com,Female,123.247.228.113
23,Leoine,Royse,lroysem@blogspot.com,Female,72.123.174.71
24,Drusy,Stephens,dstephensn@paginegialle.it,Female,73.226.100.103
25,Katerine,Fulle,kfulleo@sourceforge.net,Female,9.155.191.19
26,Rosy,Eppson,reppsonp@dailymotion.com,Female,147.230.230.5
27,Hilarius,Syne,hsyneq@npr.org,Male,77.153.48.121
28,Celinda,Baptiste,cbaptister@lulu.com,Female,126.4.60.107
29,Devy,Ruttgers,druttgerss@51.la,Male,155.188.60.212
30,Gun,Tidgewell,gtidgewellt@studiopress.com,Male,150.166.126.11
31,Fern,Wheway,fwhewayu@barnesandnoble.com,Genderfluid,231.98.158.20
32,Evania,Vankin,evankinv@networkadvertising.org,Female,170.41.44.73
33,Blisse,Twittey,btwitteyw@psu.edu,Female,188.92.146.92
34,Natasha,McIlenna,nmcilennax@addthis.com,Female,172.146.232.48
35,Kaleb,Coxon,kcoxony@sohu.com,Male,190.165.143.243
36,Doy,MacHoste,dmachostez@ow.ly,Male,69.18.153.39
37,Gale,Cheale,gcheale10@unblog.fr,Male,53.113.163.226
38,Sidonnie,Dolphin,sdolphin11@narod.ru,Female,115.37.104.242
39,Danella,Blackwood,dblackwood12@etsy.com,Female,184.164.201.4
40,Vanya,Bestall,vbestall13@t.co,Male,0.85.50.123
41,Keane,Matheson,kmatheson14@moonfruit.com,Male,190.59.173.162
42,Kaine,Philliskirk,kphilliskirk15@feedburner.com,Male,4.75.161.24
43,Gayle,Sage,gsage16@mapquest.com,Female,15.195.122.220
44,Margeaux,Pixton,mpixton17@washington.edu,Female,130.174.51.162
45,Freddie,Quarry,fquarry18@businessweek.com,Male,61.41.38.251
46,Carlotta,Borrill,cborrill19@moonfruit.com,Female,151.207.34.203
47,Kaylil,Probetts,kprobetts1a@google.ca,Genderfluid,46.199.60.30
48,Merrick,Endricci,mendricci1b@cbsnews.com,Male,119.209.48.214
49,Rodie,Staker,rstaker1c@godaddy.com,Genderfluid,122.139.83.96
50,Freddy,Lechmere,flechmere1d@forbes.com,Male,237.31.109.235
51,Web,McIlwraith,wmcilwraith1e@japanpost.jp,Male,230.237.211.3
52,Robinia,Lawlee,rlawlee1f@nymag.com,Female,151.61.110.176
53,Evvy,Karus,ekarus1g@arizona.edu,Female,161.156.221.181
54,Berrie,Euston,beuston1h@myspace.com,Female,1.137.82.129
55,Roderigo,Pattingson,rpattingson1i@marketwatch.com,Male,32.11.63.164
56,Patrica,Aiskrigg,paiskrigg1j@blog.com,Female,0.229.176.51
57,Scotty,Kezourec,skezourec1k@wordpress.org,Male,68.214.209.225
58,Gabie,McCray,gmccray1l@google.de,Female,102.28.157.69
59,Nanny,Dominey,ndominey1m@tinyurl.com,Female,56.39.238.167
60,Aurilia,Bocken,abocken1n@theatlantic.com,Non-binary,190.198.62.107
61,Lesley,Tatlowe,ltatlowe1o@nba.com,Female,169.188.248.20
62,Daryle,Bevir,dbevir1p@intel.com,Male,162.104.203.63
63,Vilma,Janikowski,vjanikowski1q@tumblr.com,Female,177.61.54.192
64,Ambrosi,Dany,adany1r@nih.gov,Male,29.186.47.2
65,Delbert,Willerson,dwillerson1s@dailymotion.com,Male,243.203.51.51
66,Rowan,Yarnall,ryarnall1t@chron.com,Polygender,204.233.211.159
67,Roselia,Flowith,rflowith1u@ft.com,Female,254.87.159.43
68,Dani,Gudgin,dgudgin1v@princeton.edu,Female,209.67.90.188
69,Artair,Lygo,alygo1w@walmart.com,Male,154.27.40.63
70,Helaine,Dunnaway,hdunnaway1x@homestead.com,Female,80.105.239.206
71,Linn,Watton,lwatton1y@sbwire.com,Female,71.217.92.179
72,Adella,Cushion,acushion1z@accuweather.com,Female,223.110.82.246
73,Karita,Klees,kklees20@bloglovin.com,Female,100.162.32.88
74,Wilhelmina,Delamere,wdelamere21@ucoz.com,Female,16.226.18.11
75,Walliw,Sutton,wsutton22@qq.com,Female,239.112.253.113
76,Gerrilee,Molohan,gmolohan23@tamu.edu,Female,232.227.51.22
77,Erminia,Dumper,edumper24@seesaa.net,Female,155.150.115.169
78,Milena,D'Ambrosio,mdambrosio25@technorati.com,Female,127.60.111.184
79,Archer,Bail,abail26@jiathis.com,Male,10.9.36.231
80,Winnifred,Franzonello,wfranzonello27@squarespace.com,Female,78.219.108.16
81,Claiborn,Moukes,cmoukes28@umn.edu,Male,66.156.233.50
82,Darline,Di Giacomettino,ddigiacomettino29@flavors.me,Female,222.73.158.6
83,Merrilee,Handrock,mhandrock2a@ycombinator.com,Female,129.140.115.101
84,Conway,Kenwright,ckenwright2b@army.mil,Male,207.42.158.100
85,Edin,Lenney,elenney2c@deviantart.com,Female,22.208.242.10
86,Illa,Summerlie,isummerlie2d@cbslocal.com,Female,166.78.123.204
87,Moritz,Jouanot,mjouanot2e@chicagotribune.com,Male,37.155.163.57
88,Shawn,Nodes,snodes2f@disqus.com,Genderqueer,7.113.80.166
89,Helli,Gawkes,hgawkes2g@tamu.edu,Female,126.40.21.75
90,Padriac,Surmeir,psurmeir2h@histats.com,Male,208.72.101.255
91,Kirstyn,Savell,ksavell2i@yellowbook.com,Female,47.236.20.112
92,Yard,Faulo,yfaulo2j@meetup.com,Male,75.224.50.130
93,Tybalt,Witter,twitter2k@gizmodo.com,Male,28.158.150.230
94,Alejandro,Trenfield,atrenfield2l@pagesperso-orange.fr,Male,138.164.192.218
95,Joy,Kruger,jkruger2m@unc.edu,Genderfluid,245.3.131.143
96,Meir,Nassey,mnassey2n@cbslocal.com,Male,141.104.39.41
97,Tanitansy,Greystock,tgreystock2o@homestead.com,Female,53.202.99.242
98,Welby,Itter,witter2p@nyu.edu,Male,204.64.159.176
99,Lewes,Woloschin,lwoloschin2q@miibeian.gov.cn,Male,65.110.241.199
100,Dionisio,Sahlstrom,dsahlstrom2r@reuters.com,Male,196.228.70.13
101,Elwood,Cuttell,ecuttell2s@uol.com.br,Male,255.98.189.186
102,Dela,Schutt,dschutt2t@tinypic.com,Female,101.203.158.250
103,Dewain,Loomes,dloomes2u@fotki.com,Male,216.62.166.75
104,Marci,Gregore,mgregore2v@wix.com,Female,191.31.148.211
105,Marlena,Megainey,mmegainey2w@indiatimes.com,Female,205.131.149.47
106,Jarrad,Ayrs,jayrs2x@sohu.com,Male,22.195.109.149
107,Patrizius,Wardington,pwardington2y@creativecommons.org,Male,76.48.38.45
108,Gabriella,Simoes,gsimoes2z@vkontakte.ru,Female,119.150.237.223
109,Noelle,Kale,nkale30@mayoclinic.com,Female,217.67.115.48
110,Aloise,Sherbrook,asherbrook31@whitehouse.gov,Female,101.129.94.130
111,Claybourne,Dennert,cdennert32@t.co,Male,194.109.92.125
112,Lizzy,Meric,lmeric33@reddit.com,Female,227.247.224.55
113,Kippie,Sterricker,ksterricker34@ca.gov,Male,135.82.220.254
114,Jacinthe,Ellaway,jellaway35@ow.ly,Female,31.79.104.106
115,Danyelle,Eschelle,deschelle36@discuz.net,Female,156.141.34.148
116,Raye,Neal,rneal37@webmd.com,Female,5.60.83.104
117,Hermine,Storie,hstorie38@youku.com,Female,36.229.39.53
118,Benedetto,Gregg,bgregg39@nature.com,Male,211.179.25.12
119,Shelba,Henrych,shenrych3a@latimes.com,Female,42.76.215.222
120,Emmit,Vuitton,evuitton3b@amazon.com,Male,219.201.181.181
121,Giordano,Kemwal,gkemwal3c@t.co,Male,20.42.252.192
122,Bellanca,Ivons,bivons3d@mayoclinic.com,Female,127.166.220.100
123,Sutherlan,Bunclark,sbunclark3e@homestead.com,Male,214.175.224.230
124,Trix,Suffe,tsuffe3f@topsy.com,Female,233.10.185.212
125,Lew,Barnet,lbarnet3g@amazon.com,Male,18.175.26.254
126,Riordan,Pirri,rpirri3h@forbes.com,Male,169.7.217.150
127,Hermine,Palumbo,hpalumbo3i@nsw.gov.au,Female,78.158.66.236
128,Kai,Destouche,kdestouche3j@ed.gov,Female,4.200.90.52
129,Lonna,Ottewell,lottewell3k@yandex.ru,Female,94.72.42.170
130,Gerik,Fudger,gfudger3l@umich.edu,Male,103.165.172.157
131,Zebadiah,Villar,zvillar3m@hhs.gov,Male,226.24.104.173
132,Jarrad,Kingsnod,jkingsnod3n@gov.uk,Male,178.57.28.168
133,Adriana,Huxter,ahuxter3o@technorati.com,Female,31.148.39.28
134,Reba,Spon,rspon3p@dailymotion.com,Female,218.98.72.186
135,Penny,Ceyssen,pceyssen3q@reuters.com,Male,116.217.149.42
136,Brucie,Marrill,bmarrill3r@diigo.com,Genderqueer,141.215.116.168
137,Arlinda,Astin,aastin3s@merriam-webster.com,Female,3.80.226.82
138,Cherey,Eydel,ceydel3t@prnewswire.com,Female,198.140.111.81
139,Israel,Sherbrook,isherbrook3u@php.net,Male,18.245.231.248
140,Natalina,Kall,nkall3v@apache.org,Female,119.30.134.235
141,Audi,Lauritzen,alauritzen3w@paypal.com,Female,202.55.182.125
142,Darleen,Blaxill,dblaxill3x@adobe.com,Female,95.197.26.210
143,Ira,Ovington,iovington3y@photobucket.com,Female,92.250.202.102
144,Zelig,Vlies,zvlies3z@ezinearticles.com,Male,106.139.193.161
145,Lothaire,Fetters,lfetters40@google.cn,Genderfluid,103.213.41.187
146,Gilbert,Squeers,gsqueers41@chicagotribune.com,Male,78.149.212.129
147,Zaneta,Annear,zannear42@symantec.com,Polygender,133.84.170.234
148,Ezra,Thayre,ethayre43@cbslocal.com,Male,16.50.59.144
149,Jonas,Zambonini,jzambonini44@baidu.com,Male,211.65.53.107
150,Karmen,Clayhill,kclayhill45@discovery.com,Female,218.54.213.106
151,Gloriana,Cunio,gcunio46@newyorker.com,Female,191.178.165.45
152,Lauryn,Brehaut,lbrehaut47@oracle.com,Female,88.65.196.243
153,Lemmie,Biaggi,lbiaggi48@w3.org,Agender,213.160.187.12
154,Raff,Cottu,rcottu49@microsoft.com,Male,202.218.55.22
155,Remy,Oldale,roldale4a@deliciousdays.com,Female,243.219.240.83
156,Olly,Lambkin,olambkin4b@networkadvertising.org,Female,198.47.122.226
157,Gaynor,Goodsell,ggoodsell4c@aboutads.info,Female,68.46.179.190
158,Eugene,MacDirmid,emacdirmid4d@booking.com,Male,197.54.91.216
159,Nannie,Padula,npadula4e@pen.io,Female,127.205.46.103
160,Harcourt,Merkle,hmerkle4f@cargocollective.com,Male,230.235.159.0
161,Rhianon,Carrabott,rcarrabott4g@twitter.com,Agender,92.201.212.190
162,Biddie,Hankinson,bhankinson4h@cdbaby.com,Female,141.248.236.145
163,Jeffie,Lynd,jlynd4i@hao123.com,Male,21.167.133.171
164,Pearline,Nelmes,pnelmes4j@economist.com,Female,211.146.78.55
165,Bradley,Aloigi,baloigi4k@people.com.cn,Male,151.7.128.108
166,Benyamin,Clemenzi,bclemenzi4l@forbes.com,Male,249.116.184.166
167,Lindsay,Shelton,lshelton4m@flickr.com,Female,244.195.75.246
168,Muffin,McIan,mmcian4n@bluehost.com,Genderqueer,18.249.137.238
169,Brion,Gottelier,bgottelier4o@spotify.com,Male,163.36.26.26
170,Vere,Canizares,vcanizares4p@live.com,Female,115.177.165.87
171,Hannie,Hardiman,hhardiman4q@oaic.gov.au,Female,94.80.239.118
172,Broderic,Peddersen,bpeddersen4r@seattletimes.com,Male,208.94.107.113
173,Rhodie,Mcmanaman,rmcmanaman4s@mediafire.com,Genderqueer,102.167.71.111
174,Gert,Theriot,gtheriot4t@apache.org,Female,130.34.92.185
175,Carlye,Winkle,cwinkle4u@studiopress.com,Female,6.117.75.184
176,Tiff,Beevor,tbeevor4v@desdev.cn,Female,94.197.65.226
177,Jephthah,Aiskovitch,jaiskovitch4w@people.com.cn,Male,140.73.16.51
178,Biron,Josipovitz,bjosipovitz4x@prlog.org,Male,45.10.101.186
179,Udall,Bartholomaus,ubartholomaus4y@smugmug.com,Male,24.206.33.101
180,Charmian,Van Leeuwen,cvanleeuwen4z@alexa.com,Polygender,157.22.145.223
181,Bud,Stennard,bstennard50@dot.gov,Male,161.46.16.233
182,Gavrielle,Sandhill,gsandhill51@sourceforge.net,Female,11.77.66.146
183,Cobby,Girdler,cgirdler52@yolasite.com,Male,59.63.93.247
184,Danny,Haliday,dhaliday53@etsy.com,Female,109.51.142.73
185,Lesley,Gilman,lgilman54@ucla.edu,Male,80.205.119.208
186,Gillian,Greger,ggreger55@unicef.org,Female,239.56.75.20
187,Mac,Alpine,malpine56@purevolume.com,Male,49.223.228.205
188,Artemus,Burtwistle,aburtwistle57@google.com.au,Male,176.68.176.8
189,Ludovika,Sissot,lsissot58@tumblr.com,Female,83.159.237.233
190,Katrinka,Gloster,kgloster59@hostgator.com,Female,179.104.148.159
191,Ashby,Wildsmith,awildsmith5a@reverbnation.com,Male,163.168.88.225
192,Em,Edwinson,eedwinson5b@pagesperso-orange.fr,Male,74.148.120.49
193,Cele,Hatz,chatz5c@posterous.com,Female,159.95.172.72
194,Douglas,Skully,dskully5d@de.vu,Male,168.36.237.135
195,Fran,Tresler,ftresler5e@samsung.com,Female,114.72.19.182
196,Avery,Poad,apoad5f@youku.com,Male,51.47.201.73
197,Deonne,Campa,dcampa5g@seesaa.net,Female,76.154.209.15
198,Eimile,Eubank,eeubank5h@photobucket.com,Non-binary,182.150.119.55
199,Nikaniki,Brotherwood,nbrotherwood5i@myspace.com,Female,16.241.158.134
200,Trudey,Yakobowitz,tyakobowitz5j@addthis.com,Female,203.148.161.75
201,Moll,Beaty,mbeaty5k@multiply.com,Female,205.5.249.166
202,Dolph,Hasely,dhasely5l@liveinternet.ru,Male,142.243.215.9
203,Daria,Tickel,dtickel5m@wordpress.org,Female,209.204.181.132
204,Anthiathia,Hendin,ahendin5n@ow.ly,Female,54.74.17.132
205,Cynthie,Donhardt,cdonhardt5o@lycos.com,Female,141.54.250.236
206,Johann,Sargerson,jsargerson5p@huffingtonpost.com,Male,54.226.132.41
207,Donna,Sturge,dsturge5q@simplemachines.org,Female,98.3.228.79
208,Elisabeth,Lowrie,elowrie5r@shop-pro.jp,Female,134.218.227.109
209,Quillan,Rupel,qrupel5s@princeton.edu,Male,215.152.71.229
210,Kalina,Gleader,kgleader5t@51.la,Female,206.211.179.233
211,Ofelia,Bartolomeotti,obartolomeotti5u@addthis.com,Female,78.102.190.160
212,Gerhardine,Botcherby,gbotcherby5v@nbcnews.com,Female,220.3.11.177
213,Susanne,Kelf,skelf5w@census.gov,Female,118.213.168.120
214,Ingunna,Deam,ideam5x@reuters.com,Female,24.111.74.142
215,Percy,Gannaway,pgannaway5y@blogs.com,Genderqueer,3.71.51.72
216,Leona,Stuckes,lstuckes5z@columbia.edu,Female,36.91.40.105
217,Vale,Comberbach,vcomberbach60@ocn.ne.jp,Female,50.240.230.203
218,Micheil,Whether,mwhether61@simplemachines.org,Male,238.187.118.232
219,Justine,Grent,jgrent62@joomla.org,Female,228.78.137.35
220,Killian,McShea,kmcshea63@samsung.com,Male,38.20.156.73
221,Sheelah,Stolli,sstolli64@hatena.ne.jp,Female,235.250.92.61
222,Selby,Abramowitch,sabramowitch65@npr.org,Male,73.240.164.125
223,Kimberlee,Hubert,khubert66@jigsy.com,Female,13.85.25.45
224,Nanete,Hedney,nhedney67@dropbox.com,Female,52.80.41.1
225,Adair,Everley,aeverley68@amazonaws.com,Male,80.72.25.142
226,Ferguson,MacGillivrie,fmacgillivrie69@soup.io,Non-binary,99.7.173.100
227,Glennis,Gorcke,ggorcke6a@sourceforge.net,Female,76.239.125.168
228,Kiah,Marner,kmarner6b@topsy.com,Female,76.244.29.98
229,Brear,Halfhyde,bhalfhyde6c@bigcartel.com,Female,87.87.249.90
230,Pen,Bane,pbane6d@nationalgeographic.com,Agender,178.234.141.24
231,Maia,Caze,mcaze6e@businessinsider.com,Female,13.34.152.224
232,Lib,Gallear,lgallear6f@about.com,Female,49.249.169.150
233,Minta,Sign,msign6g@bandcamp.com,Female,167.65.190.249
234,Edita,Goare,egoare6h@marriott.com,Female,145.249.255.208
235,Ranna,Matashkin,rmatashkin6i@bloglovin.com,Female,38.138.110.197
236,Merrielle,Scholte,mscholte6j@nymag.com,Female,157.29.94.11
237,Catharina,Neno,cneno6k@fema.gov,Female,231.199.214.73
238,Spense,Rabbe,srabbe6l@macromedia.com,Male,136.18.100.62
239,Ricardo,Groomebridge,rgroomebridge6m@ihg.com,Male,191.127.184.106
240,Alistair,Shay,ashay6n@rediff.com,Non-binary,84.161.152.35
241,Kalvin,Daice,kdaice6o@angelfire.com,Male,19.41.193.127
242,Minette,Bellam,mbellam6p@github.io,Female,228.153.3.210
243,Abramo,Davy,adavy6q@apache.org,Male,233.162.228.142
244,Lorens,Hirche,lhirche6r@weather.com,Male,109.219.137.168
245,Dodi,Ivanitsa,divanitsa6s@ameblo.jp,Female,77.16.100.158
246,Aube,Liddall,aliddall6t@samsung.com,Male,195.159.183.137
247,Kikelia,Chopy,kchopy6u@vkontakte.ru,Non-binary,210.242.4.92
248,Nikos,Chowne,nchowne6v@studiopress.com,Male,65.7.146.252
249,Charity,Toupe,ctoupe6w@about.com,Female,92.95.167.64
250,Carmine,Turnor,cturnor6x@europa.eu,Male,177.73.9.213
251,Anne-corinne,Cater,acater6y@netscape.com,Female,52.184.208.68
252,Francesco,Felder,ffelder6z@reuters.com,Male,18.9.194.72
253,Alice,Dedrick,adedrick70@printfriendly.com,Genderfluid,68.220.206.227
254,Martita,D'Arrigo,mdarrigo71@edublogs.org,Non-binary,186.179.7.222
255,Trina,Mizzen,tmizzen72@reddit.com,Female,179.106.145.206
256,Sebastiano,Krabbe,skrabbe73@businesswire.com,Male,91.81.203.144
257,Gilly,Seamen,gseamen74@dropbox.com,Agender,89.175.92.144
258,Rozalie,Farriar,rfarriar75@surveymonkey.com,Polygender,169.214.220.189
259,Theodora,Milier,tmilier76@patch.com,Female,2.215.126.41
260,Fifine,Hartill,fhartill77@furl.net,Female,227.81.42.33
261,Skipton,Musson,smusson78@cnn.com,Male,83.207.63.22
262,Cally,Gendricke,cgendricke79@vimeo.com,Female,247.159.122.64
263,Keane,Howgate,khowgate7a@exblog.jp,Polygender,219.234.244.223
264,Suki,Dewsbury,sdewsbury7b@diigo.com,Female,128.66.104.129
265,Mozes,Rooze,mrooze7c@stumbleupon.com,Male,219.185.244.187
266,Brandy,Menendez,bmenendez7d@google.co.jp,Female,52.224.37.97
267,Cheslie,Cossam,ccossam7e@hugedomains.com,Female,76.13.187.242
268,Anne,Lepard,alepard7f@blogger.com,Female,70.98.252.11
269,Regan,Byng,rbyng7g@phpbb.com,Male,141.32.22.131
270,Fannie,Truckell,ftruckell7h@zdnet.com,Female,129.147.120.79
271,Erastus,MacMurray,emacmurray7i@china.com.cn,Genderqueer,228.50.110.233
272,Jervis,Bryson,jbryson7j@opensource.org,Bigender,168.8.126.113
273,Abbe,Barock,abarock7k@hibu.com,Male,60.217.196.170
274,Bengt,Phittiplace,bphittiplace7l@imgur.com,Male,188.233.139.84
275,Harley,Kipling,hkipling7m@posterous.com,Male,185.121.254.75
276,Annetta,Charlotte,acharlotte7n@irs.gov,Female,239.161.177.187
277,Stacee,Crosfield,scrosfield7o@ning.com,Female,191.170.116.217
278,Lorne,Yokel,lyokel7p@diigo.com,Female,183.233.103.230
279,Lorenzo,Birtwisle,lbirtwisle7q@sina.com.cn,Male,77.129.127.121
280,Tobiah,Boriston,tboriston7r@youtube.com,Male,137.236.33.73
281,Steffie,Domek,sdomek7s@phoca.cz,Female,187.192.74.172
282,Diego,Learmount,dlearmount7t@sohu.com,Genderfluid,62.98.165.15
283,Jillane,Harrinson,jharrinson7u@ask.com,Female,80.79.39.41
284,Paula,Hallard,phallard7v@webnode.com,Female,31.188.27.10
285,Hewett,Montilla,hmontilla7w@alexa.com,Male,163.23.205.227
286,Eveline,Simmon,esimmon7x@stumbleupon.com,Female,31.6.231.200
287,Dorella,Bergen,dbergen7y@pcworld.com,Female,165.146.171.200
288,Lon,Westpfel,lwestpfel7z@intel.com,Genderqueer,230.133.35.237
289,Celina,Jarrette,cjarrette80@timesonline.co.uk,Female,150.180.43.122
290,Rozalie,Sowle,rsowle81@creativecommons.org,Female,236.227.229.48
291,Bonny,Hoyt,bhoyt82@twitter.com,Female,74.105.237.67
292,Nicolea,Melsom,nmelsom83@adobe.com,Female,213.238.25.60
293,Eward,Cussen,ecussen84@msu.edu,Male,124.49.228.239
294,Petrina,Chrippes,pchrippes85@digg.com,Female,122.194.65.227
295,Max,Adrienne,madrienne86@liveinternet.ru,Male,189.115.237.248
296,Ashley,FitzGibbon,afitzgibbon87@vk.com,Bigender,191.103.73.118
297,Fiona,Giampietro,fgiampietro88@google.com.hk,Female,75.9.138.18
298,Reiko,McCombe,rmccombe89@wp.com,Female,15.38.168.202
299,Silas,Franciotti,sfranciotti8a@sakura.ne.jp,Male,169.119.227.104
300,Ollie,Haet,ohaet8b@europa.eu,Female,95.25.182.153
301,Clim,Stag,cstag8c@a8.net,Male,119.124.194.28
302,Cristie,Clowton,cclowton8d@moonfruit.com,Female,142.67.123.144
303,Thorpe,Kerner,tkerner8e@ucoz.ru,Genderqueer,107.99.227.163
304,Sandi,Struss,sstruss8f@hud.gov,Female,199.175.64.87
305,Darn,Ferrarone,dferrarone8g@boston.com,Male,108.59.207.198
306,Berkie,Shawcroft,bshawcroft8h@sourceforge.net,Male,179.247.0.189
307,Patrice,Morgans,pmorgans8i@macromedia.com,Male,244.207.61.82
308,Blane,Fennelly,bfennelly8j@tamu.edu,Male,160.168.230.17
309,Felic,Blagbrough,fblagbrough8k@moonfruit.com,Male,188.0.110.174
310,Bond,Hoofe,bhoofe8l@msn.com,Non-binary,219.155.36.181
311,Rossie,Waddell,rwaddell8m@comcast.net,Male,204.12.93.179
312,Shandra,Hollebon,shollebon8n@illinois.edu,Non-binary,187.53.219.91
313,Giraldo,Gransden,ggransden8o@elpais.com,Male,87.127.60.109
314,Juana,Liddicoat,jliddicoat8p@paypal.com,Female,67.188.51.19
315,Humbert,Pappin,hpappin8q@uiuc.edu,Male,167.122.70.5
316,Pepe,Espinola,pespinola8r@unesco.org,Male,253.235.205.39
317,Alvinia,Odby,aodby8s@uiuc.edu,Female,241.48.163.252
318,Tadio,Leasor,tleasor8t@xing.com,Male,178.69.181.164
319,Carina,Dibden,cdibden8u@tuttocitta.it,Female,56.237.235.162
320,Russ,Dottrell,rdottrell8v@google.fr,Male,71.49.34.38
321,Laird,Wharfe,lwharfe8w@cpanel.net,Male,181.253.6.147
322,Branden,Colman,bcolman8x@foxnews.com,Male,47.203.224.165
323,Selene,Hobden,shobden8y@mail.ru,Female,209.106.159.118
324,Archer,Swettenham,aswettenham8z@mit.edu,Male,61.228.82.144
325,Cymbre,Jersh,cjersh90@photobucket.com,Female,150.181.84.87
326,Ewart,Chandler,echandler91@goo.gl,Polygender,110.75.112.224
327,Aldous,Coiley,acoiley92@wunderground.com,Male,197.225.108.79
328,Wolfy,MacLeod,wmacleod93@unesco.org,Male,169.215.199.135
329,Anson,Beacom,abeacom94@gnu.org,Male,148.149.17.108
330,Kennie,Brosius,kbrosius95@apache.org,Male,75.244.4.19
331,Tommie,Askie,taskie96@tumblr.com,Male,47.23.102.132
332,Rurik,Glasgow,rglasgow97@diigo.com,Male,47.46.124.100
333,Ricky,Broscombe,rbroscombe98@networksolutions.com,Female,121.85.230.69
334,Daisy,Kann,dkann99@hibu.com,Female,59.53.47.92
335,Gilly,Weeke,gweeke9a@comsenz.com,Female,224.244.170.100
336,Barbi,Hedaux,bhedaux9b@privacy.gov.au,Female,82.109.76.18
337,Michele,Aery,maery9c@infoseek.co.jp,Female,126.227.252.223
338,Joachim,Eyton,jeyton9d@answers.com,Male,86.21.56.135
339,Kenton,O'Loinn,koloinn9e@boston.com,Male,213.120.198.227
340,Denis,Westman,dwestman9f@barnesandnoble.com,Non-binary,37.170.225.241
341,Marcella,Briggs,mbriggs9g@php.net,Female,10.116.48.139
342,Kori,Yakubovich,kyakubovich9h@cnet.com,Genderqueer,215.69.19.235
343,Trey,Foulds,tfoulds9i@shutterfly.com,Male,49.108.3.48
344,Pammy,Dominico,pdominico9j@archive.org,Female,85.9.9.138
345,Garwood,Bedlington,gbedlington9k@technorati.com,Male,183.233.52.31
346,Lorrin,Hallet,lhallet9l@comsenz.com,Female,20.252.127.194
347,Marius,Aire,maire9m@cloudflare.com,Male,58.181.107.2
348,Ginnie,Marcinkus,gmarcinkus9n@aol.com,Female,53.164.211.98
349,Randall,Sivewright,rsivewright9o@google.it,Male,147.10.189.50
350,Efren,Inskipp,einskipp9p@nps.gov,Male,37.238.160.248
351,Eleonora,Ingley,eingley9q@wordpress.org,Female,239.167.175.103
352,Filip,Longmire,flongmire9r@oakley.com,Male,166.34.203.51
353,Niki,Gebb,ngebb9s@utexas.edu,Male,153.51.125.96
354,Gail,Fochs,gfochs9t@soundcloud.com,Female,65.103.187.22
355,Eldon,Nise,enise9u@wunderground.com,Male,58.219.106.248
356,Kippar,Shayler,kshayler9v@meetup.com,Male,228.106.139.80
357,Traci,Walklott,twalklott9w@google.com.au,Female,245.80.106.131
358,Madelene,Sissons,msissons9x@techcrunch.com,Female,183.55.199.164
359,Roberto,Lohmeyer,rlohmeyer9y@sciencedaily.com,Male,130.228.136.130
360,Annmaria,Hugk,ahugk9z@creativecommons.org,Female,93.203.54.34
361,Romeo,Ambrogioni,rambrogionia0@marketwatch.com,Male,250.247.239.235
362,Katuscha,Minchinton,kminchintona1@answers.com,Female,169.110.185.164
363,Adam,Corbridge,acorbridgea2@berkeley.edu,Male,189.50.80.97
364,Hettie,Alvarado,halvaradoa3@blogger.com,Female,231.236.184.96
365,Minnaminnie,Keig,mkeiga4@thetimes.co.uk,Female,246.109.154.234
366,Brandea,Antonelli,bantonellia5@baidu.com,Female,144.201.142.152
367,Emmalynn,Kubczak,ekubczaka6@taobao.com,Female,248.250.198.27
368,Meghann,Lamonby,mlamonbya7@cnbc.com,Female,11.221.59.34
369,Fields,Okenden,fokendena8@stanford.edu,Male,216.233.106.130
370,Arv,Retchless,aretchlessa9@indiatimes.com,Male,1.137.236.146
371,Ingamar,Dudley,idudleyaa@pagesperso-orange.fr,Male,46.250.94.223
372,Mikkel,Tunnacliffe,mtunnacliffeab@multiply.com,Male,50.178.215.154
373,Urbanus,Chillcot,uchillcotac@buzzfeed.com,Male,8.35.25.231
374,Phylis,Yendall,pyendallad@flickr.com,Female,59.201.81.37
375,Winslow,Thieme,wthiemeae@constantcontact.com,Male,145.30.16.28
376,Thadeus,Ducker,tduckeraf@goo.ne.jp,Male,51.70.128.7
377,Codie,Blais,cblaisag@hud.gov,Female,120.171.204.137
378,Simone,Dwire,sdwireah@blinklist.com,Male,38.111.253.40
379,Roldan,Anthonies,ranthoniesai@prnewswire.com,Male,229.151.10.158
380,Ellie,Knobell,eknobellaj@archive.org,Female,159.116.118.54
381,Benedikta,Monteath,bmonteathak@ow.ly,Female,3.61.89.97
382,Ashton,Waldram,awaldramal@theguardian.com,Male,16.149.135.223
383,Marlon,Jeyes,mjeyesam@arizona.edu,Male,240.170.67.27
384,Bartlett,Scarse,bscarsean@un.org,Male,79.102.190.170
385,Nolly,Temperton,ntempertonao@fc2.com,Genderqueer,134.186.237.253
386,Tracee,Noke,tnokeap@usgs.gov,Female,136.153.159.103
387,Griz,Di Frisco,gdifriscoaq@clickbank.net,Male,94.86.63.26
388,Corilla,Hails,chailsar@rediff.com,Female,151.136.0.41
389,Merrie,Loveland,mlovelandas@toplist.cz,Female,211.115.127.165
390,Curtis,Nolton,cnoltonat@bandcamp.com,Male,241.26.21.155
391,Feliks,Mountain,fmountainau@narod.ru,Male,149.12.103.190
392,Gus,Easterling,geasterlingav@ucoz.ru,Female,239.37.22.229
393,Edyth,Dahler,edahleraw@squarespace.com,Female,226.191.229.208
394,Llywellyn,Baggett,lbaggettax@jigsy.com,Male,96.18.204.53
395,Vanya,Pitkeathly,vpitkeathlyay@newsvine.com,Male,146.159.88.100
396,Sallie,Pardoe,spardoeaz@va.gov,Female,234.248.87.114
397,Vivien,Mabbs,vmabbsb0@buzzfeed.com,Female,50.38.103.49
398,Fidelia,Muddiman,fmuddimanb1@merriam-webster.com,Female,46.102.7.15
399,Robbie,Grimbleby,rgrimblebyb2@jiathis.com,Male,55.5.104.14
400,Vassily,Luckham,vluckhamb3@nsw.gov.au,Bigender,16.142.244.69
401,Wilie,Filon,wfilonb4@yelp.com,Female,237.33.145.183
402,Gwendolen,Deval,gdevalb5@bigcartel.com,Female,247.248.21.17
403,Delcina,Brierly,dbrierlyb6@omniture.com,Female,48.146.238.132
404,Maurise,Burless,mburlessb7@omniture.com,Male,126.149.149.67
405,David,Glas,dglasb8@nifty.com,Male,46.184.20.208
406,Kerrin,Freebury,kfreeburyb9@abc.net.au,Polygender,145.215.11.18
407,Chelsie,Barraclough,cbarracloughba@is.gd,Female,187.64.10.213
408,Monah,Thurske,mthurskebb@ycombinator.com,Female,102.187.253.87
409,Dame,Echelle,dechellebc@aol.com,Male,90.86.88.208
410,Milly,Mackin,mmackinbd@spotify.com,Female,105.28.0.223
411,Ellwood,Davydkov,edavydkovbe@fema.gov,Male,71.164.253.176
412,Alfie,Cathcart,acathcartbf@vistaprint.com,Female,94.241.16.106
413,Jareb,Kwietak,jkwietakbg@amazonaws.com,Male,44.154.255.231
414,Reynolds,Pacquet,rpacquetbh@ezinearticles.com,Male,141.210.72.31
415,Trixi,Burditt,tburdittbi@google.com,Female,40.183.70.164
416,Tamera,Mooring,tmooringbj@kickstarter.com,Female,203.105.160.69
417,Barris,Guy,bguybk@dmoz.org,Non-binary,3.201.12.148
418,Marmaduke,Rentoll,mrentollbl@answers.com,Male,107.132.147.46
419,Lilly,Marple,lmarplebm@gov.uk,Female,212.77.213.137
420,Jasen,Andrysek,jandrysekbn@psu.edu,Male,98.175.232.109
421,Afton,Gurge,agurgebo@cpanel.net,Female,13.98.244.8
422,Waiter,Columbell,wcolumbellbp@last.fm,Male,210.26.120.244
423,Vina,Laddle,vladdlebq@aol.com,Genderfluid,201.178.83.104
424,Alisun,Sneyd,asneydbr@cbc.ca,Female,85.205.123.217
425,Farrel,Astlett,fastlettbs@cam.ac.uk,Male,94.127.219.232
426,Chen,Espin,cespinbt@dailymotion.com,Male,208.137.22.235
427,Julius,Finney,jfinneybu@cnbc.com,Male,27.71.74.127
428,Carlita,Gilbard,cgilbardbv@cnn.com,Female,130.25.76.151
429,Vincenz,Myers,vmyersbw@marriott.com,Male,225.169.40.10
430,Zitella,Gullen,zgullenbx@paypal.com,Female,50.245.233.124
431,Darrin,Spragg,dspraggby@hatena.ne.jp,Male,214.253.57.122
432,Trudey,Canner,tcannerbz@reddit.com,Female,130.45.9.106
433,Konstance,Churchyard,kchurchyardc0@washington.edu,Female,199.242.216.235
434,Tawnya,Cowlam,tcowlamc1@shinystat.com,Female,194.151.204.67
435,Fianna,Ottery,fotteryc2@blogger.com,Female,58.81.198.165
436,Rand,Riggulsford,rriggulsfordc3@japanpost.jp,Male,206.165.135.177
437,Zackariah,Craythorne,zcraythornec4@marriott.com,Male,190.14.184.140
438,Earle,Strapp,estrappc5@cnet.com,Male,247.116.76.93
439,Kingsly,Dibling,kdiblingc6@com.com,Male,104.216.207.220
440,Victoria,Fealey,vfealeyc7@ask.com,Female,208.168.80.110
441,Foss,Petrozzi,fpetrozzic8@ebay.com,Male,157.119.175.128
442,Missy,Faraker,mfarakerc9@youtube.com,Female,124.52.212.196
443,Andra,Smithyman,asmithymanca@liveinternet.ru,Female,55.173.139.82
444,Julienne,Tabart,jtabartcb@adobe.com,Agender,176.172.250.3
445,Thacher,Wyke,twykecc@howstuffworks.com,Male,201.83.241.162
446,Bendite,Boyne,bboynecd@youku.com,Female,26.69.82.187
447,Piotr,Oppie,poppiece@ca.gov,Male,67.80.93.254
448,Arleyne,Maplethorp,amaplethorpcf@toplist.cz,Female,194.88.98.18
449,Derrek,Loblie,dlobliecg@webnode.com,Male,110.253.182.247
450,Yves,Woodrooffe,ywoodrooffech@last.fm,Male,150.229.22.13
451,Stanfield,Kynston,skynstonci@nbcnews.com,Male,100.175.128.173
452,Jarad,Egar,jegarcj@diigo.com,Male,69.70.212.140
453,Jorry,Linch,jlinchck@live.com,Agender,128.178.3.110
454,Vannie,Caesar,vcaesarcl@prweb.com,Female,132.76.70.103
455,Hadrian,Stovin,hstovincm@imageshack.us,Male,108.67.31.141
456,Joanna,Arter,jartercn@addthis.com,Female,178.188.240.240
457,Tammara,Domleo,tdomleoco@discuz.net,Female,60.99.176.115
458,Daryl,Antonioni,dantonionicp@nps.gov,Male,10.236.92.221
459,Ardine,Baxstare,abaxstarecq@jimdo.com,Female,108.183.127.67
460,Myrvyn,Magovern,mmagoverncr@scientificamerican.com,Male,52.122.70.193
461,Hobey,Gerrett,hgerrettcs@etsy.com,Male,155.87.255.240
462,Michel,Alcide,malcidect@naver.com,Male,136.18.188.58
463,Jackie,Tharme,jtharmecu@parallels.com,Female,171.135.213.161
464,Kerrill,Gasking,kgaskingcv@ifeng.com,Genderfluid,156.98.122.61
465,Payton,Stopford,pstopfordcw@buzzfeed.com,Male,76.174.23.30
466,Axe,Pullan,apullancx@scribd.com,Male,196.176.62.243
467,Chaddie,Alchin,calchincy@buzzfeed.com,Male,144.76.25.248
468,Spike,Okker,sokkercz@ca.gov,Male,81.186.217.63
469,Toma,Wooff,twooffd0@yellowpages.com,Female,239.137.163.34
470,Bent,Barus,bbarusd1@slideshare.net,Male,7.103.246.128
471,Ricardo,Giffen,rgiffend2@mozilla.org,Male,117.224.218.27
472,Murdoch,Bindon,mbindond3@sun.com,Male,32.62.117.210
473,Henrietta,Bridgewater,hbridgewaterd4@illinois.edu,Female,175.22.248.171
474,Hagan,Kropach,hkropachd5@cnet.com,Male,201.181.25.200
475,Audie,Meaddowcroft,ameaddowcroftd6@symantec.com,Female,24.203.93.161
476,Dorey,Hacking,dhackingd7@sfgate.com,Male,173.157.153.232
477,Tobit,Simmank,tsimmankd8@wunderground.com,Male,241.112.15.10
478,Egbert,MacCague,emaccagued9@example.com,Male,197.254.175.27
479,Danni,Torresi,dtorresida@biblegateway.com,Female,0.145.81.73
480,Fredi,Souley,fsouleydb@imageshack.us,Female,124.76.238.247
481,Hillery,Sommerton,hsommertondc@symantec.com,Male,31.88.179.127
482,Lacee,Heindrick,lheindrickdd@blogs.com,Female,122.231.220.195
483,Brock,Squibbes,bsquibbesde@ovh.net,Male,37.247.126.196
484,Rusty,Roscamps,rroscampsdf@mediafire.com,Male,224.127.76.219
485,Les,Firman,lfirmandg@weebly.com,Male,113.84.13.10
486,Bailey,Childerley,bchilderleydh@sbwire.com,Male,59.246.242.42
487,Tamiko,Woodford,twoodforddi@princeton.edu,Female,126.20.207.90
488,Wilma,Klejna,wklejnadj@eventbrite.com,Genderqueer,13.118.222.38
489,Drucy,Jakes,djakesdk@census.gov,Female,69.127.104.158
490,Nappy,Clemo,nclemodl@symantec.com,Genderfluid,18.66.198.168
491,Man,Mackleden,mmackledendm@redcross.org,Male,36.12.248.67
492,Dorri,Mosby,dmosbydn@youtube.com,Female,12.33.206.224
493,Maryanna,Valasek,mvalasekdo@oaic.gov.au,Female,60.222.18.217
494,Truman,Kiraly,tkiralydp@nsw.gov.au,Male,243.243.53.195
495,Cristen,Chater,cchaterdq@dedecms.com,Polygender,118.102.81.31
496,Thedrick,Curado,tcuradodr@slate.com,Male,171.97.123.170
497,Rafa,Kyte,rkyteds@php.net,Genderfluid,186.227.156.211
498,Kiel,Hiner,khinerdt@github.com,Male,253.38.47.46
499,Irma,Colls,icollsdu@amazon.de,Female,20.229.119.38
500,Pauly,Greve,pgrevedv@desdev.cn,Male,140.164.24.139
501,Klara,Stepney,kstepneydw@cam.ac.uk,Female,235.80.215.247
502,Halli,Yitzhok,hyitzhokdx@google.co.uk,Female,141.248.41.91
503,Kelcie,Abramamov,kabramamovdy@rambler.ru,Female,245.37.10.162
504,Aurora,Belford,abelforddz@php.net,Female,107.208.30.236
505,Richart,Romanini,rromaninie0@arizona.edu,Agender,15.135.211.18
506,Lorene,Kohler,lkohlere1@hatena.ne.jp,Female,5.14.99.202
507,Ludvig,Cavill,lcaville2@go.com,Male,68.27.11.218
508,Allie,O'Lennachain,aolennachaine3@netscape.com,Male,253.206.142.89
509,Lanny,Bleackley,lbleackleye4@squidoo.com,Female,4.148.138.16
510,Ellary,O'Shevlin,eoshevline5@cbslocal.com,Genderqueer,141.18.60.13
511,Benito,Kobpac,bkobpace6@uol.com.br,Agender,61.234.199.69
512,Artur,Dawnay,adawnaye7@networksolutions.com,Male,197.40.28.109
513,Emelita,Brydson,ebrydsone8@pcworld.com,Female,239.25.144.131
514,Tobey,Addeycott,taddeycotte9@home.pl,Female,192.231.208.161
515,Odette,Huggan,ohugganea@tripod.com,Female,88.177.249.92
516,Zach,Froude,zfroudeeb@sina.com.cn,Male,238.103.101.122
517,Lorena,Sarsfield,lsarsfieldec@nhs.uk,Female,57.48.87.144
518,Sibelle,Burborough,sburboroughed@delicious.com,Female,42.198.246.144
519,Aluino,MacPaik,amacpaikee@tinypic.com,Male,251.156.88.4
520,Lenee,Springtorpe,lspringtorpeef@gnu.org,Female,51.246.117.214
521,Northrup,Detloff,ndetloffeg@about.com,Male,215.83.232.255
522,Peder,Rossant,prossanteh@ovh.net,Male,132.92.245.211
523,Ursuline,Lease,uleaseei@godaddy.com,Female,104.122.60.144
524,Engelbert,Amberson,eambersonej@telegraph.co.uk,Male,4.63.247.149
525,Benn,McShirie,bmcshirieek@merriam-webster.com,Male,16.164.82.38
526,Zolly,Gascoyen,zgascoyenel@moonfruit.com,Male,101.226.108.74
527,Clare,Nijssen,cnijssenem@cbsnews.com,Male,64.54.187.98
528,Adelaide,Beadman,abeadmanen@ucla.edu,Female,29.150.164.79
529,Marget,Gregolotti,mgregolottieo@seesaa.net,Female,152.13.231.20
530,Vincent,Sandbrook,vsandbrookep@cnbc.com,Male,225.182.119.222
531,Alasteir,Raisher,araishereq@jiathis.com,Male,122.110.57.165
532,Dorella,Pessler,dpesslerer@123-reg.co.uk,Female,121.56.249.217
533,Cloe,Fountaine,cfountainees@whitehouse.gov,Female,195.110.13.209
534,Marlon,Fairhall,mfairhallet@mail.ru,Male,210.60.27.119
535,Darla,Tarbin,dtarbineu@tamu.edu,Female,130.233.43.183
536,Betta,Sivess,bsivessev@china.com.cn,Female,138.235.188.22
537,Lorraine,Camsey,lcamseyew@wordpress.org,Female,137.204.5.201
538,Rina,Baylay,rbaylayex@elegantthemes.com,Genderqueer,194.8.153.128
539,Free,Wheatman,fwheatmaney@mozilla.org,Male,8.67.255.18
540,Fritz,Flower,fflowerez@soundcloud.com,Male,231.78.127.53
541,Filbert,Beaney,fbeaneyf0@auda.org.au,Agender,202.207.62.231
542,Rogers,Shoemark,rshoemarkf1@bluehost.com,Male,155.96.158.220
543,Dean,Antonetti,dantonettif2@eventbrite.com,Male,71.64.34.112
544,Bartholomeus,Bertrand,bbertrandf3@macromedia.com,Male,82.121.78.25
545,Tammie,Cardello,tcardellof4@sina.com.cn,Female,238.131.84.226
546,Tanhya,Tomkinson,ttomkinsonf5@flavors.me,Female,27.1.135.87
547,Edita,Swin,eswinf6@gnu.org,Female,237.181.29.134
548,Concettina,Cruce,ccrucef7@whitehouse.gov,Female,218.111.188.153
549,Jenn,Larmour,jlarmourf8@devhub.com,Agender,153.137.146.101
550,Christina,Muzzullo,cmuzzullof9@cnn.com,Female,92.147.17.147
551,Sayre,McMakin,smcmakinfa@jiathis.com,Male,5.180.101.49
552,Abby,Haskins,ahaskinsfb@ibm.com,Female,118.34.178.119
553,Byram,Whiteland,bwhitelandfc@wikipedia.org,Male,33.126.71.9
554,Dante,Carlozzi,dcarlozzifd@altervista.org,Male,135.107.86.143
555,Kaine,Aucutt,kaucuttfe@scientificamerican.com,Male,133.87.59.98
556,Rochell,Briddle,rbriddleff@geocities.jp,Female,231.193.169.255
557,Lisa,Clotworthy,lclotworthyfg@oracle.com,Female,189.74.31.69
558,Timoteo,Downe,tdownefh@arstechnica.com,Male,157.220.160.26
559,Alyda,Tutton,atuttonfi@tamu.edu,Female,219.21.223.37
560,Wilton,Arends,warendsfj@archive.org,Male,109.4.251.208
561,Shea,Del Castello,sdelcastellofk@ustream.tv,Male,189.194.221.212
562,Juliet,Cartman,jcartmanfl@godaddy.com,Female,252.79.136.22
563,Karrah,Gosling,kgoslingfm@comsenz.com,Female,84.103.199.100
564,Craig,Mill,cmillfn@meetup.com,Male,218.204.253.215
565,Modestia,Annakin,mannakinfo@time.com,Female,88.223.107.112
566,Jere,Garrod,jgarrodfp@blog.com,Male,86.29.3.189
567,Stacee,Sackey,ssackeyfq@gov.uk,Male,102.221.133.26
568,Vonnie,Mizzi,vmizzifr@godaddy.com,Female,105.169.68.240
569,Brenna,Sabben,bsabbenfs@webs.com,Female,191.140.88.32
570,Joann,Munning,jmunningft@reddit.com,Female,121.212.119.119
571,Marlena,Topper,mtopperfu@blogspot.com,Female,159.155.200.38
572,Coralyn,Ivashkov,civashkovfv@bloglovin.com,Female,225.250.104.202
573,Terrye,Samsin,tsamsinfw@house.gov,Female,41.64.130.52
574,Saundra,Larter,slarterfx@plala.or.jp,Male,4.204.1.36
575,Agnes,Barrott,abarrottfy@ocn.ne.jp,Genderfluid,12.244.224.232
576,Natasha,Renforth,nrenforthfz@meetup.com,Female,72.58.224.212
577,Odetta,Seeger,oseegerg0@marriott.com,Bigender,94.114.183.123
578,Christa,Shrimpling,cshrimplingg1@wufoo.com,Female,19.48.125.186
579,Wallis,Bidewell,wbidewellg2@rakuten.co.jp,Female,251.135.244.19
580,Dewain,Omar,domarg3@nba.com,Male,103.77.176.153
581,Benni,Cuss,bcussg4@symantec.com,Agender,102.159.135.39
582,Jonie,Camplin,jcampling5@vinaora.com,Female,119.247.31.232
583,Leupold,Holbury,lholburyg6@nasa.gov,Male,63.29.221.105
584,Fee,Kybert,fkybertg7@123-reg.co.uk,Male,243.217.68.140
585,Consuelo,Tiffany,ctiffanyg8@surveymonkey.com,Female,196.107.146.93
586,Janos,Emtage,jemtageg9@auda.org.au,Male,49.2.162.47
587,Talyah,Alday,taldayga@boston.com,Female,231.149.55.203
588,Marie-jeanne,Boutwell,mboutwellgb@pcworld.com,Female,50.122.112.215
589,Hollie,Bendelow,hbendelowgc@timesonline.co.uk,Female,53.247.77.175
590,Lyssa,Fishleigh,lfishleighgd@wikia.com,Female,42.167.182.102
591,Cal,Stiell,cstiellge@cdbaby.com,Male,157.71.206.152
592,Kacey,Whitford,kwhitfordgf@dot.gov,Female,53.47.189.22
593,Clifford,Swainsbury,cswainsburygg@artisteer.com,Male,254.185.74.113
594,Lothario,Harmour,lharmourgh@hao123.com,Male,178.104.3.25
595,Weylin,Gorges,wgorgesgi@cdbaby.com,Non-binary,99.58.153.174
596,Ursula,Meeking,umeekinggj@hatena.ne.jp,Female,15.88.250.141
597,Sid,Roz,srozgk@vinaora.com,Male,122.218.53.157
598,Zebedee,Yarwood,zyarwoodgl@google.ru,Male,132.185.176.144
599,Nealy,Ballentime,nballentimegm@mit.edu,Male,162.240.17.13
600,Ulises,Towell,utowellgn@sun.com,Male,41.254.39.127
601,Benedict,Gooley,bgooleygo@freewebs.com,Male,137.99.18.180
602,Dody,McIlveen,dmcilveengp@hubpages.com,Female,252.205.83.234
603,Aubrette,Rootes,arootesgq@house.gov,Female,101.47.132.99
604,Teador,Behnke,tbehnkegr@dedecms.com,Genderqueer,206.106.178.145
605,Karrie,Gagie,kgagiegs@ucoz.ru,Female,230.238.244.65
606,Kent,Exall,kexallgt@example.com,Male,177.0.221.73
607,Marve,Stickland,msticklandgu@free.fr,Male,140.68.108.21
608,Nicolle,Towl,ntowlgv@networksolutions.com,Non-binary,204.198.70.98
609,Imelda,Hammer,ihammergw@army.mil,Female,117.145.84.100
610,Micheil,Webborn,mwebborngx@weebly.com,Male,155.151.170.46
611,Arleta,Cottis,acottisgy@sogou.com,Female,68.182.31.250
612,Abigale,Stopford,astopfordgz@vk.com,Female,103.55.5.63
613,James,Soggee,jsoggeeh0@bbb.org,Male,76.187.156.247
614,Alistair,Flewan,aflewanh1@google.cn,Bigender,60.144.194.216
615,Portia,Picot,ppicoth2@mtv.com,Female,8.82.160.171
616,Christian,Grishanov,cgrishanovh3@prweb.com,Male,34.162.16.31
617,Rene,Montacute,rmontacuteh4@army.mil,Female,5.248.104.136
618,Dede,Francescone,dfrancesconeh5@newsvine.com,Female,222.18.167.31
619,Fawne,Dimic,fdimich6@apple.com,Female,187.109.39.23
620,Olvan,Derr,oderrh7@pen.io,Male,252.204.147.13
621,Jaclyn,Elleyne,jelleyneh8@arstechnica.com,Female,244.152.154.221
622,Deedee,Jorck,djorckh9@msu.edu,Female,157.87.9.144
623,Hammad,Drury,hdruryha@webs.com,Male,221.253.4.235
624,Codie,Gaytor,cgaytorhb@spotify.com,Female,189.245.219.28
625,Oriana,Howlin,ohowlinhc@amazon.de,Female,127.11.147.90
626,Ford,Swinn,fswinnhd@msn.com,Male,131.172.128.18
627,Kira,Seyfart,kseyfarthe@stumbleupon.com,Female,179.129.103.202
628,Emery,Birds,ebirdshf@patch.com,Male,178.224.87.22
629,Leia,Viccary,lviccaryhg@marketwatch.com,Female,26.200.252.182
630,Ajay,Lamasna,alamasnahh@dyndns.org,Female,139.52.100.233
631,Domingo,La Wille,dlawillehi@unicef.org,Male,32.228.200.154
632,Aldric,Boyne,aboynehj@loc.gov,Male,180.87.151.28
633,Guillemette,Inkle,ginklehk@feedburner.com,Female,250.221.239.28
634,Catherin,Houchen,chouchenhl@php.net,Female,215.156.198.103
635,Fern,Burvill,fburvillhm@symantec.com,Female,96.236.69.24
636,Emlyn,Pygott,epygotthn@prweb.com,Genderqueer,253.78.254.199
637,Jelene,Olivelli,jolivelliho@wordpress.com,Female,183.126.90.117
638,Matelda,Seawright,mseawrighthp@prnewswire.com,Female,105.7.69.246
639,Carlene,Mullard,cmullardhq@omniture.com,Non-binary,104.35.57.15
640,Tannie,Peattie,tpeattiehr@wp.com,Male,122.71.118.255
641,Betti,Brosenius,bbroseniushs@yolasite.com,Female,61.104.172.122
642,Wyatt,Raittie,wraittieht@goo.gl,Male,92.139.251.172
643,Dew,Conisbee,dconisbeehu@google.pl,Male,49.37.247.152
644,Guenna,Dionis,gdionishv@multiply.com,Female,223.3.209.228
645,Katusha,Hardey,khardeyhw@shutterfly.com,Female,196.77.84.165
646,Brett,Ballston,bballstonhx@plala.or.jp,Male,216.139.178.185
647,Lutero,De la Yglesia,ldelayglesiahy@mashable.com,Male,64.164.214.131
648,Byrle,Shoorbrooke,bshoorbrookehz@gravatar.com,Male,90.123.36.160
649,Aubrey,Gibson,agibsoni0@friendfeed.com,Female,54.75.86.123
650,Che,Snoday,csnodayi1@stanford.edu,Male,229.84.21.132
651,Jessey,Tinton,jtintoni2@dedecms.com,Male,170.89.86.208
652,Jean,Leppo,jleppoi3@imdb.com,Male,169.110.208.102
653,Amberly,Hazeldean,ahazeldeani4@nasa.gov,Female,34.225.83.77
654,Bab,Lias,bliasi5@ed.gov,Female,111.160.105.127
655,Miguela,Elcome,melcomei6@tmall.com,Female,22.27.106.246
656,Ira,Courcey,icourceyi7@nymag.com,Male,232.201.21.114
657,Skell,Beefon,sbeefoni8@mail.ru,Male,110.35.72.24
658,Kara,MacGahy,kmacgahyi9@altervista.org,Female,123.41.72.199
659,Ondrea,Markwick,omarkwickia@wix.com,Genderfluid,116.111.218.45
660,Gamaliel,Eskrick,geskrickib@dailymotion.com,Male,206.225.57.212
661,Alisa,Keggin,akegginic@alibaba.com,Female,116.1.248.128
662,Joyan,Beiderbecke,jbeiderbeckeid@huffingtonpost.com,Polygender,252.180.192.12
663,Jocelyne,Fatkin,jfatkinie@spotify.com,Female,239.166.4.123
664,Jerry,Ree,jreeif@is.gd,Male,89.0.40.171
665,Myrle,Pimm,mpimmig@simplemachines.org,Female,188.187.255.128
666,Dud,Thurske,dthurskeih@archive.org,Male,67.238.208.76
667,Haily,MacGiolla Pheadair,hmacgiollapheadairii@diigo.com,Male,191.106.244.172
668,Leonard,Pearne,lpearneij@salon.com,Male,190.203.1.50
669,Dunc,Hasel,dhaselik@hao123.com,Male,37.166.137.72
670,Edithe,Anfossi,eanfossiil@google.ru,Female,186.229.208.198
671,Phil,Reburn,preburnim@barnesandnoble.com,Male,216.137.65.178
672,Hilary,Liebmann,hliebmannin@kickstarter.com,Male,209.19.222.250
673,Gaven,Gonzalo,ggonzaloio@businessinsider.com,Male,180.182.172.196
674,Bone,Ajam,bajamip@a8.net,Male,194.45.205.10
675,Thorin,Oldknowe,toldknoweiq@uol.com.br,Male,56.206.211.170
676,Vanya,Stears,vstearsir@amazonaws.com,Male,61.182.209.110
677,Randie,Ply,rplyis@homestead.com,Female,170.176.214.90
678,Cchaddie,Fellgett,cfellgettit@vimeo.com,Male,91.194.18.148
679,Rebecca,Aldwich,raldwichiu@prlog.org,Female,206.192.234.99
680,Elsi,Pugh,epughiv@wunderground.com,Female,190.193.54.118
681,Jolyn,Pear,jpeariw@unicef.org,Female,57.246.68.116
682,Damiano,Nunan,dnunanix@weather.com,Male,19.177.131.123
683,Bert,Ghest,bghestiy@studiopress.com,Female,40.186.252.250
684,Grazia,Mathiot,gmathiotiz@odnoklassniki.ru,Female,142.51.121.72
685,Brandi,Dalston,bdalstonj0@who.int,Female,151.142.157.190
686,Lethia,Snailham,lsnailhamj1@loc.gov,Female,11.9.7.146
687,Dominic,O' Markey,domarkeyj2@hc360.com,Male,250.0.143.132
688,Jo ann,Denisard,jdenisardj3@wikimedia.org,Female,247.162.0.103
689,Barn,Sperrett,bsperrettj4@myspace.com,Male,24.60.248.9
690,Burton,Swatten,bswattenj5@opera.com,Male,116.133.77.75
691,Nickola,Leeds,nleedsj6@baidu.com,Male,190.26.47.194
692,Parnell,Vondruska,pvondruskaj7@biglobe.ne.jp,Male,77.42.165.80
693,Urbain,Cowling,ucowlingj8@zimbio.com,Male,59.179.248.236
694,Karina,Charlesworth,kcharlesworthj9@flavors.me,Female,240.213.180.239
695,Baudoin,Gault,bgaultja@europa.eu,Male,21.33.35.1
696,Blanche,Eppson,beppsonjb@taobao.com,Female,70.143.38.200
697,Decca,Hyett,dhyettjc@networksolutions.com,Male,101.73.163.27
698,Greggory,Shory,gshoryjd@slashdot.org,Male,213.247.120.29
699,Menard,Twitty,mtwittyje@bbb.org,Male,26.86.53.225
700,Tomasine,Fenwick,tfenwickjf@linkedin.com,Female,172.104.179.143
701,Robinette,Philip,rphilipjg@china.com.cn,Female,172.61.96.212
702,Kaitlynn,Fuge,kfugejh@psu.edu,Female,177.253.64.19
703,Maud,Verden,mverdenji@gravatar.com,Female,208.8.189.245
704,Abner,Constable,aconstablejj@whitehouse.gov,Male,177.22.172.240
705,Eduardo,Onele,eonelejk@wiley.com,Male,249.24.114.136
706,Babbie,Jupe,bjupejl@webs.com,Female,176.1.3.170
707,Bee,Vashchenko,bvashchenkojm@examiner.com,Female,210.66.15.193
708,Ross,Grigorio,rgrigoriojn@hibu.com,Male,116.172.36.125
709,Cyrus,Dipple,cdipplejo@ning.com,Male,230.102.214.219
710,Aleksandr,Stivani,astivanijp@house.gov,Male,250.174.42.221
711,Kyle,Royan,kroyanjq@hostgator.com,Male,246.214.74.236
712,Janela,Adshad,jadshadjr@theglobeandmail.com,Female,129.253.8.150
713,Babara,Bradlaugh,bbradlaughjs@symantec.com,Genderfluid,58.226.90.144
714,Page,Mainstone,pmainstonejt@phoca.cz,Female,191.179.91.205
715,Ty,Ashbe,tashbeju@opera.com,Male,42.51.15.9
716,Maxie,Hyett,mhyettjv@goodreads.com,Polygender,52.15.32.94
717,Ingamar,Dunge,idungejw@java.com,Male,136.245.122.235
718,Aldus,Osanne,aosannejx@rakuten.co.jp,Male,101.171.30.88
719,Obediah,Maciaszek,omaciaszekjy@independent.co.uk,Male,252.246.202.95
720,Jerrylee,Strode,jstrodejz@msn.com,Female,172.255.152.134
721,Bron,Woakes,bwoakesk0@hhs.gov,Male,30.0.108.102
722,Kerk,Margetts,kmargettsk1@amazon.co.jp,Male,22.235.219.115
723,Baird,Grindle,bgrindlek2@pcworld.com,Male,253.193.23.36
724,Lavinie,Leere,lleerek3@hatena.ne.jp,Female,41.128.241.176
725,Daphna,Keenleyside,dkeenleysidek4@tripod.com,Bigender,98.55.4.129
726,Art,Harkins,aharkinsk5@ameblo.jp,Male,192.231.91.237
727,Tanner,Pellant,tpellantk6@fema.gov,Agender,52.0.70.122
728,Wainwright,MacGillacolm,wmacgillacolmk7@pinterest.com,Male,70.17.97.81
729,Benedict,Cholomin,bcholomink8@mozilla.org,Male,63.40.32.130
730,Madella,Hovell,mhovellk9@fema.gov,Female,38.96.203.104
731,Nevins,Wittke,nwittkeka@msn.com,Genderfluid,54.95.132.87
732,Padget,Shillom,pshillomkb@si.edu,Male,107.245.82.104
733,Man,Mephan,mmephankc@flickr.com,Male,152.142.10.136
734,Madelene,Bolzmann,mbolzmannkd@delicious.com,Female,84.228.150.121
735,Ralf,Harfoot,rharfootke@cafepress.com,Male,82.91.159.26
736,Sherill,Salvidge,ssalvidgekf@telegraph.co.uk,Female,145.223.217.132
737,Brittani,Cliburn,bcliburnkg@bravesites.com,Female,134.21.198.62
738,Norri,Irlam,nirlamkh@yale.edu,Female,85.172.35.81
739,Thaddeus,McNeilly,tmcneillyki@arstechnica.com,Male,226.149.237.97
740,Leta,Daelman,ldaelmankj@github.com,Female,254.252.133.168
741,Elsa,Rothschild,erothschildkk@cmu.edu,Female,188.116.143.203
742,Ali,McMurdo,amcmurdokl@fda.gov,Female,65.52.255.87
743,Carlita,Arr,carrkm@samsung.com,Female,223.44.90.95
744,Margalo,Camellini,mcamellinikn@joomla.org,Female,45.10.130.10
745,Conny,Margetson,cmargetsonko@dmoz.org,Female,96.148.3.247
746,Zorine,Baake,zbaakekp@nbcnews.com,Female,255.128.212.63
747,Jocelyne,Gentry,jgentrykq@dmoz.org,Female,27.243.124.126
748,Aloise,Brecher,abrecherkr@soundcloud.com,Agender,188.241.189.99
749,Hewett,Parkhouse,hparkhouseks@joomla.org,Male,107.197.15.182
750,Richmond,Dunlea,rdunleakt@walmart.com,Male,239.50.45.129
751,Gal,Spillard,gspillardku@google.co.uk,Male,145.74.157.54
752,Debora,Iorio,dioriokv@flickr.com,Female,156.240.1.11
753,Mindy,Killigrew,mkilligrewkw@ftc.gov,Female,40.25.62.69
754,Lyell,Ivashintsov,livashintsovkx@mediafire.com,Male,210.253.60.97
755,Filberte,Strethill,fstrethillky@google.co.jp,Male,31.239.28.172
756,Georgeanna,Fray,gfraykz@statcounter.com,Female,117.97.212.135
757,Georgi,Fursland,gfurslandl0@issuu.com,Agender,133.104.145.44
758,Ase,Maffione,amaffionel1@epa.gov,Genderfluid,46.225.95.155
759,Cathi,Kearsley,ckearsleyl2@geocities.com,Female,155.41.8.80
760,Brad,Lohan,blohanl3@yandex.ru,Male,68.38.251.66
761,Solly,Eisenberg,seisenbergl4@seattletimes.com,Polygender,143.228.191.246
762,Shara,Cockitt,scockittl5@cmu.edu,Female,1.244.173.252
763,Pamela,Garnul,pgarnull6@cloudflare.com,Female,86.149.220.138
764,Manuel,Sturt,msturtl7@hp.com,Male,63.44.2.123
765,Jeramey,Twinterman,jtwintermanl8@princeton.edu,Male,170.8.151.188
766,Erhart,Blanking,eblankingl9@storify.com,Male,224.198.191.174
767,Emory,Foottit,efoottitla@marketwatch.com,Male,255.245.153.28
768,Gaile,Faires,gfaireslb@usatoday.com,Male,220.213.95.254
769,Tad,Borgnet,tborgnetlc@sina.com.cn,Male,128.40.111.186
770,Ricca,Plaid,rplaidld@bigcartel.com,Female,50.106.2.121
771,Clari,Packer,cpackerle@wordpress.org,Female,14.123.147.185
772,Dieter,Jacobsen,djacobsenlf@mediafire.com,Male,147.242.82.85
773,Sheena,Bumford,sbumfordlg@dailymail.co.uk,Female,246.37.115.188
774,Elvin,Bulman,ebulmanlh@umn.edu,Male,241.195.138.199
775,Berry,Bassham,bbasshamli@sciencedirect.com,Female,198.47.31.10
776,Karissa,Zwicker,kzwickerlj@comcast.net,Female,75.165.252.213
777,Fidela,Littlechild,flittlechildlk@de.vu,Female,138.63.38.125
778,Pippa,Nazair,pnazairll@elegantthemes.com,Female,34.234.71.73
779,Amaleta,Collison,acollisonlm@timesonline.co.uk,Female,213.67.203.178
780,Torrey,Baudino,tbaudinoln@virginia.edu,Male,53.43.122.246
781,Hester,Beed,hbeedlo@dropbox.com,Female,116.197.175.235
782,Ynez,Alsop,yalsoplp@angelfire.com,Female,106.44.193.157
783,Jeanna,Walden,jwaldenlq@techcrunch.com,Female,232.57.193.77
784,Kali,Bodechon,kbodechonlr@discuz.net,Polygender,198.11.100.247
785,Yehudit,Breit,ybreitls@discovery.com,Male,73.78.103.121
786,Pail,Kull,pkulllt@discuz.net,Male,239.99.94.80
787,Xavier,O'Dyvoie,xodyvoielu@epa.gov,Male,214.209.33.31
788,Kit,Hallgalley,khallgalleylv@is.gd,Male,34.168.166.34
789,Daron,Colborn,dcolbornlw@pen.io,Female,194.56.225.11
790,Shermie,Ballance,sballancelx@stanford.edu,Male,166.84.60.139
791,Filide,Brotherhed,fbrotherhedly@ed.gov,Female,169.3.161.211
792,Tiebout,Seeviour,tseeviourlz@smugmug.com,Male,142.188.16.88
793,Clarine,Spears,cspearsm0@vimeo.com,Female,189.171.11.172
794,Julee,Acom,jacomm1@statcounter.com,Female,175.33.94.166
795,Renae,Danzig,rdanzigm2@examiner.com,Female,91.25.149.238
796,Rand,McCarl,rmccarlm3@webnode.com,Male,177.246.161.61
797,Sampson,Yashin,syashinm4@abc.net.au,Agender,118.148.72.12
798,Seamus,Monksfield,smonksfieldm5@scribd.com,Male,88.119.109.116
799,Ric,Chuck,rchuckm6@networkadvertising.org,Male,170.0.98.91
800,Lucita,Siuda,lsiudam7@printfriendly.com,Female,20.214.175.241
801,Frederik,Ranner,frannerm8@cbsnews.com,Male,22.218.65.192
802,Kaile,Deaconson,kdeaconsonm9@csmonitor.com,Female,246.178.206.8
803,Niels,Cahen,ncahenma@sphinn.com,Male,113.241.218.209
804,Inglis,Beat,ibeatmb@guardian.co.uk,Male,205.127.204.60
805,Bentley,Bortolussi,bbortolussimc@mail.ru,Male,11.148.48.24
806,Rockey,Marchelli,rmarchellimd@wikipedia.org,Male,16.164.98.219
807,Morey,Runsey,mrunseyme@deliciousdays.com,Male,119.14.166.26
808,Beryle,Gookey,bgookeymf@dailymotion.com,Female,76.73.32.36
809,Russell,Gerrans,rgerransmg@apache.org,Male,60.217.232.164
810,Rozanne,Valero,rvaleromh@yale.edu,Female,63.224.89.131
811,Dolorita,Kaysor,dkaysormi@google.com,Female,98.210.71.129
812,Benjamen,Patershall,bpatershallmj@phoca.cz,Male,43.126.0.252
813,Godfrey,Heaps,gheapsmk@hubpages.com,Male,25.130.85.8
814,Kerri,Exon,kexonml@jiathis.com,Female,25.4.49.172
815,Easter,Lemonby,elemonbymm@nytimes.com,Female,157.150.187.47
816,Glyn,Male,gmalemn@marketwatch.com,Female,248.126.27.147
817,Neill,Jephson,njephsonmo@nasa.gov,Male,1.173.116.120
818,Harley,Jeckells,hjeckellsmp@nymag.com,Female,142.208.164.159
819,Carena,Coombes,ccoombesmq@free.fr,Female,55.37.26.213
820,Vladamir,Feavearyear,vfeavearyearmr@photobucket.com,Male,56.255.107.111
821,Amalita,Richens,arichensms@drupal.org,Female,215.85.186.211
822,Saleem,Emmot,semmotmt@i2i.jp,Polygender,91.120.162.224
823,Madalyn,Tweedie,mtweediemu@google.co.uk,Female,37.143.121.251
824,Whitby,Imason,wimasonmv@about.com,Male,30.50.3.98
825,Lloyd,Imms,limmsmw@mtv.com,Male,73.208.27.176
826,Tim,Udall,tudallmx@cisco.com,Male,235.25.165.14
827,Teresita,Cosens,tcosensmy@google.es,Female,143.64.142.39
828,Ernest,Eckart,eeckartmz@wix.com,Male,181.230.201.41
829,Zondra,Cristofano,zcristofanon0@yolasite.com,Female,102.83.107.22
830,Jdavie,Yeowell,jyeowelln1@nsw.gov.au,Male,23.172.72.158
831,Rycca,Bursnoll,rbursnolln2@webeden.co.uk,Female,51.9.182.77
832,Joseito,Folliss,jfollissn3@123-reg.co.uk,Male,46.58.106.216
833,Vilma,Caldicot,vcaldicotn4@chronoengine.com,Female,253.230.220.151
834,Ignaz,Castaneda,icastanedan5@reference.com,Genderfluid,195.254.174.191
835,Kev,Hewell,khewelln6@exblog.jp,Male,208.216.78.222
836,Brent,Wennington,bwenningtonn7@google.com,Male,107.52.1.121
837,Yorgos,Fyrth,yfyrthn8@sun.com,Male,18.194.189.184
838,Margarita,Harmston,mharmstonn9@unblog.fr,Female,83.225.222.214
839,Kelcie,Fawks,kfawksna@phpbb.com,Female,38.14.214.202
840,Meridel,Roderighi,mroderighinb@cdc.gov,Female,22.79.220.44
841,Barby,Amoore,bamoorenc@redcross.org,Female,117.71.110.57
842,Leonanie,Chezelle,lchezellend@cnn.com,Female,116.254.94.18
843,Dinah,Slimon,dslimonne@sfgate.com,Female,62.180.109.99
844,Aubrey,Searles,asearlesnf@mail.ru,Male,103.40.142.106
845,Lida,Kiddey,lkiddeyng@dmoz.org,Female,126.200.91.229
846,Terencio,Aberdalgy,taberdalgynh@sitemeter.com,Male,174.113.21.252
847,Yvon,Kavanagh,ykavanaghni@indiatimes.com,Male,244.126.152.173
848,Austin,Pacht,apachtnj@list-manage.com,Male,113.181.94.2
849,Kathe,Egre,kegrenk@chron.com,Female,39.131.84.13
850,Allen,Ianitti,aianittinl@4shared.com,Male,27.234.3.33
851,Mignonne,Bolter,mbolternm@cnbc.com,Female,174.124.189.8
852,Aksel,Malloch,amallochnn@fda.gov,Male,155.154.4.175
853,Amory,Farr,afarrno@hao123.com,Male,146.3.231.57
854,Orland,Novkovic,onovkovicnp@ezinearticles.com,Male,115.150.8.92
855,Fraser,Livett,flivettnq@vinaora.com,Male,15.25.136.112
856,Donaugh,Wakeford,dwakefordnr@aol.com,Male,86.129.95.224
857,Rutledge,Skacel,rskacelns@tripadvisor.com,Male,119.234.24.31
858,Noella,Cheavin,ncheavinnt@reddit.com,Female,19.233.190.90
859,Taite,Duesbury,tduesburynu@wired.com,Male,217.232.200.172
860,Ethel,Darville,edarvillenv@360.cn,Female,117.37.129.200
861,Muire,Ryding,mrydingnw@ask.com,Female,98.77.7.234
862,Chaddy,Stovell,cstovellnx@virginia.edu,Male,125.69.69.229
863,Loren,Mitchell,lmitchellny@pen.io,Male,113.64.158.8
864,Quinton,Horsburgh,qhorsburghnz@parallels.com,Male,241.211.48.51
865,Eadith,Pluck,eplucko0@chicagotribune.com,Female,186.113.85.120
866,Jacquenetta,Plane,jplaneo1@virginia.edu,Female,98.141.133.157
867,Ashlee,Burmaster,aburmastero2@mediafire.com,Female,213.32.170.124
868,Florentia,Grastye,fgrastyeo3@hud.gov,Female,205.2.22.191
869,Jamal,Isacoff,jisacoffo4@ask.com,Male,249.31.234.144
870,Caril,Wilsone,cwilsoneo5@hostgator.com,Female,99.164.117.164
871,Jammie,Medeway,jmedewayo6@stumbleupon.com,Female,28.94.76.180
872,Meg,Chidler,mchidlero7@marketwatch.com,Non-binary,118.241.31.111
873,Karoly,Conkie,kconkieo8@unblog.fr,Female,124.166.244.52
874,Dieter,Claxton,dclaxtono9@howstuffworks.com,Male,240.96.74.99
875,Collette,Hinsche,chinscheoa@answers.com,Female,170.26.113.21
876,Cindi,Empringham,cempringhamob@yellowpages.com,Female,35.141.115.169
877,Alberik,Greenacre,agreenacreoc@hexun.com,Male,14.12.101.79
878,Ilene,Krout,ikroutod@nsw.gov.au,Female,71.154.142.78
879,Leonard,Kubala,lkubalaoe@dedecms.com,Male,151.154.36.222
880,Jaimie,Ramirez,jramirezof@redcross.org,Male,195.248.14.114
881,Manon,Loughlan,mloughlanog@godaddy.com,Female,24.40.193.37
882,Keith,Hughman,khughmanoh@themeforest.net,Male,167.179.254.50
883,Lorain,Jans,ljansoi@cocolog-nifty.com,Female,165.235.197.60
884,Nanette,Towhey,ntowheyoj@jiathis.com,Female,199.241.12.230
885,Augustine,Nelhams,anelhamsok@aol.com,Male,6.17.31.12
886,Carmelia,Whittier,cwhittierol@senate.gov,Female,156.97.185.204
887,Jodie,Scranney,jscranneyom@netscape.com,Female,159.183.108.158
888,Dorella,Moysey,dmoyseyon@de.vu,Female,169.233.205.68
889,Gerhardt,Swalowe,gswaloweoo@technorati.com,Male,86.151.79.8
890,Randy,Fogel,rfogelop@home.pl,Male,172.51.96.137
891,Colan,Bowld,cbowldoq@hp.com,Male,79.35.120.96
892,Luce,Gregine,lgregineor@webs.com,Polygender,124.201.48.230
893,Kathleen,Titta,ktittaos@hud.gov,Female,245.18.213.73
894,Celka,Chansonnau,cchansonnauot@xrea.com,Female,83.210.29.109
895,Normie,Weddeburn,nweddeburnou@shop-pro.jp,Male,9.20.187.40
896,Felipe,Parkyn,fparkynov@theglobeandmail.com,Male,0.92.134.125
897,Linn,Rous,lrousow@wikia.com,Bigender,139.55.236.146
898,Bartholomeus,Hiorn,bhiornox@exblog.jp,Male,232.47.172.231
899,Stacy,Dunstan,sdunstanoy@altervista.org,Female,82.177.179.24
900,Evelin,Kiltie,ekiltieoz@pagesperso-orange.fr,Male,195.173.17.123
901,Kittie,Gartin,kgartinp0@ibm.com,Female,100.169.69.58
902,Arluene,Spiniello,aspiniellop1@scribd.com,Female,125.194.211.172
903,Adeline,Bearward,abearwardp2@ameblo.jp,Female,82.103.62.206
904,Kalinda,Torri,ktorrip3@1und1.de,Female,171.111.110.155
905,Lyndsay,Spurryer,lspurryerp4@a8.net,Female,31.49.118.234
906,Vance,Francescozzi,vfrancescozzip5@ox.ac.uk,Male,153.18.48.9
907,Gardner,Dudley,gdudleyp6@washington.edu,Male,145.44.116.10
908,Franklin,Jakab,fjakabp7@flickr.com,Male,15.255.4.122
909,Howey,Danovich,hdanovichp8@samsung.com,Genderfluid,238.96.189.52
910,Glyn,Argrave,gargravep9@icq.com,Male,51.16.114.16
911,Maurizio,Chown,mchownpa@1688.com,Male,196.25.37.135
912,Marchall,Trusse,mtrussepb@ted.com,Agender,151.180.226.81
913,Deane,Airdrie,dairdriepc@ucsd.edu,Male,194.26.252.166
914,Lucio,Clemensen,lclemensenpd@go.com,Male,10.35.20.119
915,Gavra,Coulthurst,gcoulthurstpe@soup.io,Female,221.197.197.152
916,Doug,Molloy,dmolloypf@bbc.co.uk,Male,48.217.151.7
917,Vidovic,Batters,vbatterspg@shinystat.com,Male,191.88.207.121
918,Orson,Vasyutkin,ovasyutkinph@wordpress.org,Male,12.137.122.179
919,Mattie,Masarrat,mmasarratpi@tumblr.com,Female,35.123.238.252
920,Gay,Sheryne,gsherynepj@ed.gov,Male,78.57.27.181
921,Seumas,Grundy,sgrundypk@fema.gov,Male,107.60.11.33
922,Ami,Nisard,anisardpl@eventbrite.com,Female,106.120.122.109
923,Darb,Heinke,dheinkepm@home.pl,Male,192.212.79.74
924,Lonni,Olivetta,lolivettapn@google.nl,Female,65.124.165.137
925,Delia,Tumini,dtuminipo@va.gov,Genderqueer,127.108.182.145
926,Chadd,Soulsby,csoulsbypp@marketwatch.com,Male,6.174.102.234
927,Elyssa,Friedman,efriedmanpq@japanpost.jp,Female,123.44.186.202
928,Darren,Stubbington,dstubbingtonpr@boston.com,Male,253.243.58.188
929,Ellene,McMichell,emcmichellps@amazon.co.uk,Female,24.231.93.79
930,Misti,Cawston,mcawstonpt@samsung.com,Female,73.94.157.166
931,Mace,Scanterbury,mscanterburypu@ucoz.ru,Male,202.248.91.65
932,Emmalyn,Lowres,elowrespv@prnewswire.com,Female,16.224.240.223
933,Clark,Bradane,cbradanepw@yelp.com,Male,224.247.140.77
934,Troy,Mossman,tmossmanpx@whitehouse.gov,Male,155.51.252.183
935,Ginni,Pettican,gpetticanpy@umich.edu,Female,193.251.119.146
936,Ayn,Tunaclift,atunacliftpz@google.es,Female,45.241.33.236
937,Jae,Towlson,jtowlsonq0@cyberchimps.com,Genderfluid,40.123.18.151
938,Wayne,Larmour,wlarmourq1@fastcompany.com,Male,198.36.234.113
939,Harlan,Nortunen,hnortunenq2@list-manage.com,Male,179.19.81.112
940,Kele,Harner,kharnerq3@gravatar.com,Non-binary,192.156.197.11
941,Jdavie,de Verson,jdeversonq4@miibeian.gov.cn,Genderfluid,51.13.204.207
942,Freda,Ferro,fferroq5@geocities.com,Female,224.125.252.63
943,Olav,Bluck,obluckq6@deviantart.com,Male,85.95.204.73
944,Lewes,Filipchikov,lfilipchikovq7@amazon.co.jp,Non-binary,141.171.98.132
945,Perkin,Brader,pbraderq8@rakuten.co.jp,Male,113.110.30.12
946,Hallie,Himpson,hhimpsonq9@globo.com,Female,141.80.247.134
947,Noemi,Edgin,nedginqa@howstuffworks.com,Female,69.134.253.194
948,Cazzie,Cradock,ccradockqb@go.com,Male,73.3.87.243
949,Genevieve,MacMychem,gmacmychemqc@miibeian.gov.cn,Female,228.249.200.177
950,Mariya,Elkin,melkinqd@scribd.com,Agender,206.138.237.60
951,Levi,Senechault,lsenechaultqe@facebook.com,Genderqueer,2.116.71.99
952,Grete,Yearby,gyearbyqf@hhs.gov,Female,38.254.17.133
953,Sherwin,Pinkett,spinkettqg@statcounter.com,Male,125.74.208.129
954,Christie,Morpeth,cmorpethqh@infoseek.co.jp,Genderfluid,133.165.86.29
955,Eugenie,Rubes,erubesqi@businesswire.com,Female,244.222.56.155
956,Barb,Dalyell,bdalyellqj@uol.com.br,Female,139.23.241.47
957,John,Gullyes,jgullyesqk@constantcontact.com,Male,178.183.207.230
958,Osborn,Das,odasql@edublogs.org,Male,58.176.151.240
959,Johnath,Aubri,jaubriqm@cpanel.net,Female,99.95.148.142
960,Janeczka,Bellwood,jbellwoodqn@wisc.edu,Female,67.35.146.178
961,Rebecka,Ismead,rismeadqo@cnet.com,Female,124.165.16.154
962,Serena,Geerits,sgeeritsqp@cornell.edu,Female,158.85.34.239
963,Gray,Crannis,gcrannisqq@domainmarket.com,Female,209.82.29.241
964,Joby,Teffrey,jteffreyqr@bloglovin.com,Female,19.81.208.83
965,Shaine,Petrushkevich,spetrushkevichqs@cbsnews.com,Male,19.9.137.206
966,Opaline,Lorenzetti,olorenzettiqt@soup.io,Female,119.69.213.191
967,Alyce,Freear,afreearqu@huffingtonpost.com,Female,57.218.28.68
968,Corrie,Sire,csireqv@seesaa.net,Male,123.147.120.39
969,Karisa,Gilgryst,kgilgrystqw@miitbeian.gov.cn,Female,242.9.251.162
970,Durante,Folling,dfollingqx@webeden.co.uk,Genderqueer,99.34.179.161
971,Vale,Cuesta,vcuestaqy@reference.com,Female,182.132.38.0
972,Barbe,Presman,bpresmanqz@irs.gov,Female,14.233.95.185
973,Kelly,Trolley,ktrolleyr0@instagram.com,Male,87.79.62.235
974,Sadye,Matz,smatzr1@cam.ac.uk,Non-binary,159.43.197.76
975,Linnet,Wiltshier,lwiltshierr2@npr.org,Female,90.48.116.87
976,Mellisent,Dodridge,mdodridger3@vimeo.com,Female,116.129.128.165
977,Torry,Frude,tfruder4@digg.com,Polygender,239.68.206.11
978,Northrop,Emery,nemeryr5@fema.gov,Male,105.235.3.177
979,Flory,Olding,foldingr6@livejournal.com,Male,63.46.153.169
980,Tommie,Duberry,tduberryr7@google.cn,Male,113.255.212.137
981,Winifred,Matitiaho,wmatitiahor8@bizjournals.com,Female,80.71.115.95
982,Milicent,Blades,mbladesr9@google.com,Female,70.146.6.5
983,Giustino,Brenston,gbrenstonra@dell.com,Male,83.99.177.160
984,Cullan,Edling,cedlingrb@clickbank.net,Male,194.46.70.196
985,Ange,Andrusov,aandrusovrc@51.la,Female,90.30.148.183
986,Nickolas,Grcic,ngrcicrd@goo.gl,Male,125.247.31.88
987,Dinny,Neicho,dneichore@typepad.com,Female,158.66.80.186
988,Rubin,Cuckson,rcucksonrf@businessweek.com,Male,10.64.176.92
989,Mychal,Pursehouse,mpursehouserg@t.co,Polygender,39.51.13.133
990,Courtney,Dudbridge,cdudbridgerh@google.de,Genderqueer,42.71.78.160
991,Kellia,Gotfrey,kgotfreyri@nih.gov,Female,82.145.164.212
992,Charisse,Coie,ccoierj@redcross.org,Female,97.114.219.86
993,Lotta,Scarlet,lscarletrk@ucoz.com,Female,6.27.85.136
994,Hercules,Brownbill,hbrownbillrl@miitbeian.gov.cn,Male,158.32.95.194
995,Gun,Spaice,gspaicerm@prweb.com,Male,174.49.179.7
996,Kimberley,McMeekan,kmcmeekanrn@msu.edu,Female,95.234.222.209
997,Chrotoem,Meardon,cmeardonro@shareasale.com,Male,37.213.138.74
998,Fifine,Inch,finchrp@privacy.gov.au,Female,159.90.98.125
999,Camella,Sotheby,csothebyrq@miibeian.gov.cn,Female,245.122.217.2
1000,Flora,Kersaw,fkersawrr@biblegateway.com,Female,58.188.134.143
